Year,Gender,Age at diagnosis,Geography type,Geography code,Geography name,Deprivation,Stage,ICD10 code,Site description,Count,Type of rate,Rate,95% lower confidence interval,95% upper confidence interval,Flag,Rate (numeric),95% lower confidence interval (numeric),95% upper confidence interval (numeric)
2013,Persons,00 to 24,Government Office Region,E12000004,East Midlands,All quintiles,All stages,C00-C97 excl. C44,All malignant cancers excluding non-melanoma skin cancer (NMSC),241,Age-specific,17.2,15.1,19.5,,17.2,15.1,19.5
2014,Persons,00 to 24,Government Office Region,E12000004,East Midlands,All quintiles,All stages,C00-C97 excl. C44,All malignant cancers excluding non-melanoma skin cancer (NMSC),290,Age-specific,20.6,18.3,23.2,,20.6,18.3,23.2
2015,Persons,00 to 24,Government Office Region,E12000004,East Midlands,All quintiles,All stages,C00-C97 excl. C44,All malignant cancers excluding non-melanoma skin cancer (NMSC),274,Age-specific,19.4,17.2,21.9,,19.4,17.2,21.9
2016,Persons,00 to 24,Government Office Region,E12000004,East Midlands,All quintiles,All stages,C00-C97 excl. C44,All malignant cancers excluding non-melanoma skin cancer (NMSC),255,Age-specific,18.0,15.8,20.3,,18.0,15.8,20.3
2017,Persons,00 to 24,Government Office Region,E12000004,East Midlands,All quintiles,All stages,C00-C97 excl. C44,All malignant cancers excluding non-melanoma skin cancer (NMSC),291,Age-specific,20.4,18.1,22.9,,20.4,18.1,22.9
2018,Persons,00 to 24,Government Office Region,E12000004,East Midlands,All quintiles,All stages,C00-C97 excl. C44,All malignant cancers excluding non-melanoma skin cancer (NMSC),254,Age-specific,17.8,15.7,20.1,,17.8,15.7,20.1
2019,Persons,00 to 24,Government Office Region,E12000004,East Midlands,All quintiles,All stages,C00-C97 excl. C44,All malignant cancers excluding non-melanoma skin cancer (NMSC),260,Age-specific,18.2,16.1,20.6,,18.2,16.1,20.6
2020,Persons,00 to 24,Government Office Region,E12000004,East Midlands,All quintiles,All stages,C00-C97 excl. C44,All malignant cancers excluding non-melanoma skin cancer (NMSC),254,Age-specific,17.9,15.8,20.3,,17.9,15.8,20.3
2021,Persons,00 to 24,Government Office Region,E12000004,East Midlands,All quintiles,All stages,C00-C97 excl. C44,All malignant cancers excluding non-melanoma skin cancer (NMSC),245,Age-specific,17.3,15.2,19.6,,17.3,15.2,19.6
2022,Persons,00 to 24,Government Office Region,E12000004,East Midlands,All quintiles,All stages,C00-C97 excl. C44,All malignant cancers excluding non-melanoma skin cancer (NMSC),243,Age-specific,17.0,14.9,19.3,,17.0,14.9,19.3
2013,Persons,00 to 24,Government Office Region,E12000006,East of England,All quintiles,All stages,C00-C97 excl. C44,All malignant cancers excluding non-melanoma skin cancer (NMSC),335,Age-specific,18.9,16.9,21.1,,18.9,16.9,21.1
2014,Persons,00 to 24,Government Office Region,E12000006,East of England,All quintiles,All stages,C00-C97 excl. C44,All malignant cancers excluding non-melanoma skin cancer (NMSC),361,Age-specific,20.2,18.2,22.4,,20.2,18.2,22.4
2015,Persons,00 to 24,Government Office Region,E12000006,East of England,All quintiles,All stages,C00-C97 excl. C44,All malignant cancers excluding non-melanoma skin cancer (NMSC),407,Age-specific,22.7,20.5,25.0,,22.7,20.5,25.0
2016,Persons,00 to 24,Government Office Region,E12000006,East of England,All quintiles,All stages,C00-C97 excl. C44,All malignant cancers excluding non-melanoma skin cancer (NMSC),385,Age-specific,21.4,19.3,23.6,,21.4,19.3,23.6
2017,Persons,00 to 24,Government Office Region,E12000006,East of England,All quintiles,All stages,C00-C97 excl. C44,All malignant cancers excluding non-melanoma skin cancer (NMSC),336,Age-specific,18.6,16.7,20.7,,18.6,16.7,20.7
2018,Persons,00 to 24,Government Office Region,E12000006,East of England,All quintiles,All stages,C00-C97 excl. C44,All malignant cancers excluding non-melanoma skin cancer (NMSC),367,Age-specific,20.4,18.3,22.6,,20.4,18.3,22.6
2019,Persons,00 to 24,Government Office Region,E12000006,East of England,All quintiles,All stages,C00-C97 excl. C44,All malignant cancers excluding non-melanoma skin cancer (NMSC),354,Age-specific,19.7,17.7,21.8,,19.7,17.7,21.8
2020,Persons,00 to 24,Government Office Region,E12000006,East of England,All quintiles,All stages,C00-C97 excl. C44,All malignant cancers excluding non-melanoma skin cancer (NMSC),360,Age-specific,20.0,18.0,22.2,,20.0,18.0,22.2
2021,Persons,00 to 24,Government Office Region,E12000006,East of England,All quintiles,All stages,C00-C97 excl. C44,All malignant cancers excluding non-melanoma skin cancer (NMSC),380,Age-specific,21.1,19.0,23.3,,21.1,19.0,23.3
2022,Persons,00 to 24,Government Office Region,E12000006,East of England,All quintiles,All stages,C00-C97 excl. C44,All malignant cancers excluding non-melanoma skin cancer (NMSC),354,Age-specific,19.5,17.5,21.6,,19.5,17.5,21.6
2013,Persons,00 to 24,Government Office Region,E12000007,London,All quintiles,All stages,C00-C97 excl. C44,All malignant cancers excluding non-melanoma skin cancer (NMSC),589,Age-specific,21.8,20.1,23.7,,21.8,20.1,23.7
2014,Persons,00 to 24,Government Office Region,E12000007,London,All quintiles,All stages,C00-C97 excl. C44,All malignant cancers excluding non-melanoma skin cancer (NMSC),594,Age-specific,21.8,20.1,23.7,,21.8,20.1,23.7
2015,Persons,00 to 24,Government Office Region,E12000007,London,All quintiles,All stages,C00-C97 excl. C44,All malignant cancers excluding non-melanoma skin cancer (NMSC),601,Age-specific,21.9,20.2,23.7,,21.9,20.2,23.7
2016,Persons,00 to 24,Government Office Region,E12000007,London,All quintiles,All stages,C00-C97 excl. C44,All malignant cancers excluding non-melanoma skin cancer (NMSC),520,Age-specific,18.8,17.2,20.5,,18.8,17.2,20.5
2017,Persons,00 to 24,Government Office Region,E12000007,London,All quintiles,All stages,C00-C97 excl. C44,All malignant cancers excluding non-melanoma skin cancer (NMSC),524,Age-specific,19.0,17.4,20.7,,19.0,17.4,20.7
2018,Persons,00 to 24,Government Office Region,E12000007,London,All quintiles,All stages,C00-C97 excl. C44,All malignant cancers excluding non-melanoma skin cancer (NMSC),512,Age-specific,18.6,17.0,20.3,,18.6,17.0,20.3
2019,Persons,00 to 24,Government Office Region,E12000007,London,All quintiles,All stages,C00-C97 excl. C44,All malignant cancers excluding non-melanoma skin cancer (NMSC),565,Age-specific,20.5,18.9,22.3,,20.5,18.9,22.3
2020,Persons,00 to 24,Government Office Region,E12000007,London,All quintiles,All stages,C00-C97 excl. C44,All malignant cancers excluding non-melanoma skin cancer (NMSC),520,Age-specific,19.2,17.6,20.9,,19.2,17.6,20.9
2021,Persons,00 to 24,Government Office Region,E12000007,London,All quintiles,All stages,C00-C97 excl. C44,All malignant cancers excluding non-melanoma skin cancer (NMSC),540,Age-specific,20.2,18.5,22.0,,20.2,18.5,22.0
2022,Persons,00 to 24,Government Office Region,E12000007,London,All quintiles,All stages,C00-C97 excl. C44,All malignant cancers excluding non-melanoma skin cancer (NMSC),539,Age-specific,19.9,18.3,21.7,,19.9,18.3,21.7
2013,Persons,00 to 24,Government Office Region,E12000001,North East,All quintiles,All stages,C00-C97 excl. C44,All malignant cancers excluding non-melanoma skin cancer (NMSC),171,Age-specific,22.0,18.9,25.6,,22.0,18.9,25.6
2014,Persons,00 to 24,Government Office Region,E12000001,North East,All quintiles,All stages,C00-C97 excl. C44,All malignant cancers excluding non-melanoma skin cancer (NMSC),198,Age-specific,25.6,22.1,29.4,,25.6,22.1,29.4
2015,Persons,00 to 24,Government Office Region,E12000001,North East,All quintiles,All stages,C00-C97 excl. C44,All malignant cancers excluding non-melanoma skin cancer (NMSC),211,Age-specific,27.4,23.8,31.3,,27.4,23.8,31.3
2016,Persons,00 to 24,Government Office Region,E12000001,North East,All quintiles,All stages,C00-C97 excl. C44,All malignant cancers excluding non-melanoma skin cancer (NMSC),180,Age-specific,23.5,20.2,27.2,,23.5,20.2,27.2
2017,Persons,00 to 24,Government Office Region,E12000001,North East,All quintiles,All stages,C00-C97 excl. C44,All malignant cancers excluding non-melanoma skin cancer (NMSC),154,Age-specific,20.2,17.1,23.7,,20.2,17.1,23.7
2018,Persons,00 to 24,Government Office Region,E12000001,North East,All quintiles,All stages,C00-C97 excl. C44,All malignant cancers excluding non-melanoma skin cancer (NMSC),148,Age-specific,19.5,16.5,22.9,,19.5,16.5,22.9
2019,Persons,00 to 24,Government Office Region,E12000001,North East,All quintiles,All stages,C00-C97 excl. C44,All malignant cancers excluding non-melanoma skin cancer (NMSC),139,Age-specific,18.4,15.5,21.7,,18.4,15.5,21.7
2020,Persons,00 to 24,Government Office Region,E12000001,North East,All quintiles,All stages,C00-C97 excl. C44,All malignant cancers excluding non-melanoma skin cancer (NMSC),148,Age-specific,19.7,16.7,23.1,,19.7,16.7,23.1
2021,Persons,00 to 24,Government Office Region,E12000001,North East,All quintiles,All stages,C00-C97 excl. C44,All malignant cancers excluding non-melanoma skin cancer (NMSC),145,Age-specific,19.4,16.3,22.8,,19.4,16.3,22.8
2022,Persons,00 to 24,Government Office Region,E12000001,North East,All quintiles,All stages,C00-C97 excl. C44,All malignant cancers excluding non-melanoma skin cancer (NMSC),158,Age-specific,20.8,17.7,24.3,,20.8,17.7,24.3
2013,Persons,00 to 24,Government Office Region,E12000002,North West,All quintiles,All stages,C00-C97 excl. C44,All malignant cancers excluding non-melanoma skin cancer (NMSC),453,Age-specific,20.8,19.0,22.9,,20.8,19.0,22.9
2014,Persons,00 to 24,Government Office Region,E12000002,North West,All quintiles,All stages,C00-C97 excl. C44,All malignant cancers excluding non-melanoma skin cancer (NMSC),466,Age-specific,21.5,19.6,23.5,,21.5,19.6,23.5
2015,Persons,00 to 24,Government Office Region,E12000002,North West,All quintiles,All stages,C00-C97 excl. C44,All malignant cancers excluding non-melanoma skin cancer (NMSC),470,Age-specific,21.6,19.7,23.7,,21.6,19.7,23.7
2016,Persons,00 to 24,Government Office Region,E12000002,North West,All quintiles,All stages,C00-C97 excl. C44,All malignant cancers excluding non-melanoma skin cancer (NMSC),470,Age-specific,21.6,19.7,23.6,,21.6,19.7,23.6
2017,Persons,00 to 24,Government Office Region,E12000002,North West,All quintiles,All stages,C00-C97 excl. C44,All malignant cancers excluding non-melanoma skin cancer (NMSC),437,Age-specific,20.1,18.2,22.0,,20.1,18.2,22.0
2018,Persons,00 to 24,Government Office Region,E12000002,North West,All quintiles,All stages,C00-C97 excl. C44,All malignant cancers excluding non-melanoma skin cancer (NMSC),388,Age-specific,17.8,16.1,19.7,,17.8,16.1,19.7
2019,Persons,00 to 24,Government Office Region,E12000002,North West,All quintiles,All stages,C00-C97 excl. C44,All malignant cancers excluding non-melanoma skin cancer (NMSC),456,Age-specific,20.9,19.0,22.9,,20.9,19.0,22.9
2020,Persons,00 to 24,Government Office Region,E12000002,North West,All quintiles,All stages,C00-C97 excl. C44,All malignant cancers excluding non-melanoma skin cancer (NMSC),397,Age-specific,18.2,16.5,20.1,,18.2,16.5,20.1
2021,Persons,00 to 24,Government Office Region,E12000002,North West,All quintiles,All stages,C00-C97 excl. C44,All malignant cancers excluding non-melanoma skin cancer (NMSC),423,Age-specific,19.3,17.5,21.3,,19.3,17.5,21.3
2022,Persons,00 to 24,Government Office Region,E12000002,North West,All quintiles,All stages,C00-C97 excl. C44,All malignant cancers excluding non-melanoma skin cancer (NMSC),381,Age-specific,17.1,15.4,18.9,,17.1,15.4,18.9
2013,Persons,00 to 24,Government Office Region,E12000008,South East,All quintiles,All stages,C00-C97 excl. C44,All malignant cancers excluding non-melanoma skin cancer (NMSC),577,Age-specific,21.8,20.1,23.7,,21.8,20.1,23.7
2014,Persons,00 to 24,Government Office Region,E12000008,South East,All quintiles,All stages,C00-C97 excl. C44,All malignant cancers excluding non-melanoma skin cancer (NMSC),542,Age-specific,20.4,18.7,22.2,,20.4,18.7,22.2
2015,Persons,00 to 24,Government Office Region,E12000008,South East,All quintiles,All stages,C00-C97 excl. C44,All malignant cancers excluding non-melanoma skin cancer (NMSC),560,Age-specific,21.0,19.3,22.8,,21.0,19.3,22.8
2016,Persons,00 to 24,Government Office Region,E12000008,South East,All quintiles,All stages,C00-C97 excl. C44,All malignant cancers excluding non-melanoma skin cancer (NMSC),519,Age-specific,19.4,17.7,21.1,,19.4,17.7,21.1
2017,Persons,00 to 24,Government Office Region,E12000008,South East,All quintiles,All stages,C00-C97 excl. C44,All malignant cancers excluding non-melanoma skin cancer (NMSC),561,Age-specific,21.0,19.3,22.8,,21.0,19.3,22.8
2018,Persons,00 to 24,Government Office Region,E12000008,South East,All quintiles,All stages,C00-C97 excl. C44,All malignant cancers excluding non-melanoma skin cancer (NMSC),517,Age-specific,19.4,17.7,21.1,,19.4,17.7,21.1
2019,Persons,00 to 24,Government Office Region,E12000008,South East,All quintiles,All stages,C00-C97 excl. C44,All malignant cancers excluding non-melanoma skin cancer (NMSC),495,Age-specific,18.6,17.0,20.3,,18.6,17.0,20.3
2020,Persons,00 to 24,Government Office Region,E12000008,South East,All quintiles,All stages,C00-C97 excl. C44,All malignant cancers excluding non-melanoma skin cancer (NMSC),512,Age-specific,19.3,17.6,21.0,,19.3,17.6,21.0
2021,Persons,00 to 24,Government Office Region,E12000008,South East,All quintiles,All stages,C00-C97 excl. C44,All malignant cancers excluding non-melanoma skin cancer (NMSC),502,Age-specific,18.9,17.3,20.6,,18.9,17.3,20.6
2022,Persons,00 to 24,Government Office Region,E12000008,South East,All quintiles,All stages,C00-C97 excl. C44,All malignant cancers excluding non-melanoma skin cancer (NMSC),543,Age-specific,20.2,18.6,22.0,,20.2,18.6,22.0
2013,Persons,00 to 24,Government Office Region,E12000009,South West,All quintiles,All stages,C00-C97 excl. C44,All malignant cancers excluding non-melanoma skin cancer (NMSC),317,Age-specific,20.6,18.4,23.0,,20.6,18.4,23.0
2014,Persons,00 to 24,Government Office Region,E12000009,South West,All quintiles,All stages,C00-C97 excl. C44,All malignant cancers excluding non-melanoma skin cancer (NMSC),323,Age-specific,20.9,18.7,23.3,,20.9,18.7,23.3
2015,Persons,00 to 24,Government Office Region,E12000009,South West,All quintiles,All stages,C00-C97 excl. C44,All malignant cancers excluding non-melanoma skin cancer (NMSC),320,Age-specific,20.6,18.4,23.0,,20.6,18.4,23.0
2016,Persons,00 to 24,Government Office Region,E12000009,South West,All quintiles,All stages,C00-C97 excl. C44,All malignant cancers excluding non-melanoma skin cancer (NMSC),309,Age-specific,19.8,17.7,22.2,,19.8,17.7,22.2
2017,Persons,00 to 24,Government Office Region,E12000009,South West,All quintiles,All stages,C00-C97 excl. C44,All malignant cancers excluding non-melanoma skin cancer (NMSC),306,Age-specific,19.6,17.5,21.9,,19.6,17.5,21.9
2018,Persons,00 to 24,Government Office Region,E12000009,South West,All quintiles,All stages,C00-C97 excl. C44,All malignant cancers excluding non-melanoma skin cancer (NMSC),308,Age-specific,19.8,17.6,22.1,,19.8,17.6,22.1
2019,Persons,00 to 24,Government Office Region,E12000009,South West,All quintiles,All stages,C00-C97 excl. C44,All malignant cancers excluding non-melanoma skin cancer (NMSC),313,Age-specific,20.2,18.0,22.5,,20.2,18.0,22.5
2020,Persons,00 to 24,Government Office Region,E12000009,South West,All quintiles,All stages,C00-C97 excl. C44,All malignant cancers excluding non-melanoma skin cancer (NMSC),319,Age-specific,20.6,18.4,23.0,,20.6,18.4,23.0
2021,Persons,00 to 24,Government Office Region,E12000009,South West,All quintiles,All stages,C00-C97 excl. C44,All malignant cancers excluding non-melanoma skin cancer (NMSC),293,Age-specific,18.9,16.8,21.2,,18.9,16.8,21.2
2022,Persons,00 to 24,Government Office Region,E12000009,South West,All quintiles,All stages,C00-C97 excl. C44,All malignant cancers excluding non-melanoma skin cancer (NMSC),277,Age-specific,17.7,15.7,19.9,,17.7,15.7,19.9
2013,Persons,00 to 24,Government Office Region,E12000005,West Midlands,All quintiles,All stages,C00-C97 excl. C44,All malignant cancers excluding non-melanoma skin cancer (NMSC),372,Age-specific,20.9,18.8,23.1,,20.9,18.8,23.1
2014,Persons,00 to 24,Government Office Region,E12000005,West Midlands,All quintiles,All stages,C00-C97 excl. C44,All malignant cancers excluding non-melanoma skin cancer (NMSC),357,Age-specific,20.0,18.0,22.2,,20.0,18.0,22.2
2015,Persons,00 to 24,Government Office Region,E12000005,West Midlands,All quintiles,All stages,C00-C97 excl. C44,All malignant cancers excluding non-melanoma skin cancer (NMSC),362,Age-specific,20.3,18.2,22.4,,20.3,18.2,22.4
2016,Persons,00 to 24,Government Office Region,E12000005,West Midlands,All quintiles,All stages,C00-C97 excl. C44,All malignant cancers excluding non-melanoma skin cancer (NMSC),356,Age-specific,19.8,17.8,22.0,,19.8,17.8,22.0
2017,Persons,00 to 24,Government Office Region,E12000005,West Midlands,All quintiles,All stages,C00-C97 excl. C44,All malignant cancers excluding non-melanoma skin cancer (NMSC),341,Age-specific,18.9,17.0,21.1,,18.9,17.0,21.1
2018,Persons,00 to 24,Government Office Region,E12000005,West Midlands,All quintiles,All stages,C00-C97 excl. C44,All malignant cancers excluding non-melanoma skin cancer (NMSC),363,Age-specific,20.1,18.1,22.3,,20.1,18.1,22.3
2019,Persons,00 to 24,Government Office Region,E12000005,West Midlands,All quintiles,All stages,C00-C97 excl. C44,All malignant cancers excluding non-melanoma skin cancer (NMSC),361,Age-specific,20.0,18.0,22.2,,20.0,18.0,22.2
2020,Persons,00 to 24,Government Office Region,E12000005,West Midlands,All quintiles,All stages,C00-C97 excl. C44,All malignant cancers excluding non-melanoma skin cancer (NMSC),311,Age-specific,17.3,15.4,19.3,,17.3,15.4,19.3
2021,Persons,00 to 24,Government Office Region,E12000005,West Midlands,All quintiles,All stages,C00-C97 excl. C44,All malignant cancers excluding non-melanoma skin cancer (NMSC),348,Age-specific,19.4,17.4,21.5,,19.4,17.4,21.5
2022,Persons,00 to 24,Government Office Region,E12000005,West Midlands,All quintiles,All stages,C00-C97 excl. C44,All malignant cancers excluding non-melanoma skin cancer (NMSC),350,Age-specific,19.3,17.3,21.4,,19.3,17.3,21.4
2013,Persons,00 to 24,Government Office Region,E12000003,Yorkshire and The Humber,All quintiles,All stages,C00-C97 excl. C44,All malignant cancers excluding non-melanoma skin cancer (NMSC),317,Age-specific,19.0,17.0,21.3,,19.0,17.0,21.3
2014,Persons,00 to 24,Government Office Region,E12000003,Yorkshire and The Humber,All quintiles,All stages,C00-C97 excl. C44,All malignant cancers excluding non-melanoma skin cancer (NMSC),373,Age-specific,22.4,20.2,24.8,,22.4,20.2,24.8
2015,Persons,00 to 24,Government Office Region,E12000003,Yorkshire and The Humber,All quintiles,All stages,C00-C97 excl. C44,All malignant cancers excluding non-melanoma skin cancer (NMSC),373,Age-specific,22.4,20.2,24.8,,22.4,20.2,24.8
2016,Persons,00 to 24,Government Office Region,E12000003,Yorkshire and The Humber,All quintiles,All stages,C00-C97 excl. C44,All malignant cancers excluding non-melanoma skin cancer (NMSC),358,Age-specific,21.5,19.4,23.9,,21.5,19.4,23.9
2017,Persons,00 to 24,Government Office Region,E12000003,Yorkshire and The Humber,All quintiles,All stages,C00-C97 excl. C44,All malignant cancers excluding non-melanoma skin cancer (NMSC),328,Age-specific,19.8,17.7,22.1,,19.8,17.7,22.1
2018,Persons,00 to 24,Government Office Region,E12000003,Yorkshire and The Humber,All quintiles,All stages,C00-C97 excl. C44,All malignant cancers excluding non-melanoma skin cancer (NMSC),306,Age-specific,18.6,16.5,20.8,,18.6,16.5,20.8
2019,Persons,00 to 24,Government Office Region,E12000003,Yorkshire and The Humber,All quintiles,All stages,C00-C97 excl. C44,All malignant cancers excluding non-melanoma skin cancer (NMSC),330,Age-specific,20.1,18.0,22.4,,20.1,18.0,22.4
2020,Persons,00 to 24,Government Office Region,E12000003,Yorkshire and The Humber,All quintiles,All stages,C00-C97 excl. C44,All malignant cancers excluding non-melanoma skin cancer (NMSC),295,Age-specific,18.1,16.1,20.3,,18.1,16.1,20.3
2021,Persons,00 to 24,Government Office Region,E12000003,Yorkshire and The Humber,All quintiles,All stages,C00-C97 excl. C44,All malignant cancers excluding non-melanoma skin cancer (NMSC),302,Age-specific,18.6,16.6,20.8,,18.6,16.6,20.8
2022,Persons,00 to 24,Government Office Region,E12000003,Yorkshire and The Humber,All quintiles,All stages,C00-C97 excl. C44,All malignant cancers excluding non-melanoma skin cancer (NMSC),346,Age-specific,21.1,18.9,23.4,,21.1,18.9,23.4
