"Year","Gender","Age at diagnosis","Geography type","Geography code","Geography name ","Deprivation","Stage","ICD10 code","Site description","Count","Type of rate","Rate","95% lower confidence interval","95% upper confidence interval","Flag"
2013,"Persons","00 to 24","Government Office Region","E12000004","East Midlands","All quintiles","All stages","C00-C97 excl. C44","All malignant cancers excluding non-melanoma skin cancer (NMSC)","241","Age-specific","17.2","15.1","19.5",NA
2014,"Persons","00 to 24","Government Office Region","E12000004","East Midlands","All quintiles","All stages","C00-C97 excl. C44","All malignant cancers excluding non-melanoma skin cancer (NMSC)","290","Age-specific","20.6","18.3","23.2",NA
2015,"Persons","00 to 24","Government Office Region","E12000004","East Midlands","All quintiles","All stages","C00-C97 excl. C44","All malignant cancers excluding non-melanoma skin cancer (NMSC)","274","Age-specific","19.4","17.2","21.9",NA
2016,"Persons","00 to 24","Government Office Region","E12000004","East Midlands","All quintiles","All stages","C00-C97 excl. C44","All malignant cancers excluding non-melanoma skin cancer (NMSC)","255","Age-specific","18","15.8","20.3",NA
2017,"Persons","00 to 24","Government Office Region","E12000004","East Midlands","All quintiles","All stages","C00-C97 excl. C44","All malignant cancers excluding non-melanoma skin cancer (NMSC)","291","Age-specific","20.4","18.1","22.9",NA
2018,"Persons","00 to 24","Government Office Region","E12000004","East Midlands","All quintiles","All stages","C00-C97 excl. C44","All malignant cancers excluding non-melanoma skin cancer (NMSC)","254","Age-specific","17.8","15.7","20.1",NA
2019,"Persons","00 to 24","Government Office Region","E12000004","East Midlands","All quintiles","All stages","C00-C97 excl. C44","All malignant cancers excluding non-melanoma skin cancer (NMSC)","260","Age-specific","18.2","16.1","20.6",NA
2020,"Persons","00 to 24","Government Office Region","E12000004","East Midlands","All quintiles","All stages","C00-C97 excl. C44","All malignant cancers excluding non-melanoma skin cancer (NMSC)","254","Age-specific","17.9","15.8","20.3",NA
2021,"Persons","00 to 24","Government Office Region","E12000004","East Midlands","All quintiles","All stages","C00-C97 excl. C44","All malignant cancers excluding non-melanoma skin cancer (NMSC)","245","Age-specific","17.3","15.2","19.6",NA
2022,"Persons","00 to 24","Government Office Region","E12000004","East Midlands","All quintiles","All stages","C00-C97 excl. C44","All malignant cancers excluding non-melanoma skin cancer (NMSC)","243","Age-specific","17","14.9","19.3",NA
2013,"Persons","00 to 24","Government Office Region","E12000006","East of England","All quintiles","All stages","C00-C97 excl. C44","All malignant cancers excluding non-melanoma skin cancer (NMSC)","335","Age-specific","18.9","16.9","21.1",NA
2014,"Persons","00 to 24","Government Office Region","E12000006","East of England","All quintiles","All stages","C00-C97 excl. C44","All malignant cancers excluding non-melanoma skin cancer (NMSC)","361","Age-specific","20.2","18.2","22.4",NA
2015,"Persons","00 to 24","Government Office Region","E12000006","East of England","All quintiles","All stages","C00-C97 excl. C44","All malignant cancers excluding non-melanoma skin cancer (NMSC)","407","Age-specific","22.7","20.5","25",NA
2016,"Persons","00 to 24","Government Office Region","E12000006","East of England","All quintiles","All stages","C00-C97 excl. C44","All malignant cancers excluding non-melanoma skin cancer (NMSC)","385","Age-specific","21.4","19.3","23.6",NA
2017,"Persons","00 to 24","Government Office Region","E12000006","East of England","All quintiles","All stages","C00-C97 excl. C44","All malignant cancers excluding non-melanoma skin cancer (NMSC)","336","Age-specific","18.6","16.7","20.7",NA
2018,"Persons","00 to 24","Government Office Region","E12000006","East of England","All quintiles","All stages","C00-C97 excl. C44","All malignant cancers excluding non-melanoma skin cancer (NMSC)","367","Age-specific","20.4","18.3","22.6",NA
2019,"Persons","00 to 24","Government Office Region","E12000006","East of England","All quintiles","All stages","C00-C97 excl. C44","All malignant cancers excluding non-melanoma skin cancer (NMSC)","354","Age-specific","19.7","17.7","21.8",NA
2020,"Persons","00 to 24","Government Office Region","E12000006","East of England","All quintiles","All stages","C00-C97 excl. C44","All malignant cancers excluding non-melanoma skin cancer (NMSC)","360","Age-specific","20","18","22.2",NA
2021,"Persons","00 to 24","Government Office Region","E12000006","East of England","All quintiles","All stages","C00-C97 excl. C44","All malignant cancers excluding non-melanoma skin cancer (NMSC)","380","Age-specific","21.1","19","23.3",NA
2022,"Persons","00 to 24","Government Office Region","E12000006","East of England","All quintiles","All stages","C00-C97 excl. C44","All malignant cancers excluding non-melanoma skin cancer (NMSC)","354","Age-specific","19.5","17.5","21.6",NA
2013,"Persons","00 to 24","Government Office Region","E12000007","London","All quintiles","All stages","C00-C97 excl. C44","All malignant cancers excluding non-melanoma skin cancer (NMSC)","589","Age-specific","21.8","20.1","23.7",NA
2014,"Persons","00 to 24","Government Office Region","E12000007","London","All quintiles","All stages","C00-C97 excl. C44","All malignant cancers excluding non-melanoma skin cancer (NMSC)","594","Age-specific","21.8","20.1","23.7",NA
2015,"Persons","00 to 24","Government Office Region","E12000007","London","All quintiles","All stages","C00-C97 excl. C44","All malignant cancers excluding non-melanoma skin cancer (NMSC)","601","Age-specific","21.9","20.2","23.7",NA
2016,"Persons","00 to 24","Government Office Region","E12000007","London","All quintiles","All stages","C00-C97 excl. C44","All malignant cancers excluding non-melanoma skin cancer (NMSC)","520","Age-specific","18.8","17.2","20.5",NA
2017,"Persons","00 to 24","Government Office Region","E12000007","London","All quintiles","All stages","C00-C97 excl. C44","All malignant cancers excluding non-melanoma skin cancer (NMSC)","524","Age-specific","19","17.4","20.7",NA
2018,"Persons","00 to 24","Government Office Region","E12000007","London","All quintiles","All stages","C00-C97 excl. C44","All malignant cancers excluding non-melanoma skin cancer (NMSC)","512","Age-specific","18.6","17","20.3",NA
2019,"Persons","00 to 24","Government Office Region","E12000007","London","All quintiles","All stages","C00-C97 excl. C44","All malignant cancers excluding non-melanoma skin cancer (NMSC)","565","Age-specific","20.5","18.9","22.3",NA
2020,"Persons","00 to 24","Government Office Region","E12000007","London","All quintiles","All stages","C00-C97 excl. C44","All malignant cancers excluding non-melanoma skin cancer (NMSC)","520","Age-specific","19.2","17.6","20.9",NA
2021,"Persons","00 to 24","Government Office Region","E12000007","London","All quintiles","All stages","C00-C97 excl. C44","All malignant cancers excluding non-melanoma skin cancer (NMSC)","540","Age-specific","20.2","18.5","22",NA
2022,"Persons","00 to 24","Government Office Region","E12000007","London","All quintiles","All stages","C00-C97 excl. C44","All malignant cancers excluding non-melanoma skin cancer (NMSC)","539","Age-specific","19.9","18.3","21.7",NA
2013,"Persons","00 to 24","Government Office Region","E12000001","North East","All quintiles","All stages","C00-C97 excl. C44","All malignant cancers excluding non-melanoma skin cancer (NMSC)","171","Age-specific","22","18.9","25.6",NA
2014,"Persons","00 to 24","Government Office Region","E12000001","North East","All quintiles","All stages","C00-C97 excl. C44","All malignant cancers excluding non-melanoma skin cancer (NMSC)","198","Age-specific","25.6","22.1","29.4",NA
2015,"Persons","00 to 24","Government Office Region","E12000001","North East","All quintiles","All stages","C00-C97 excl. C44","All malignant cancers excluding non-melanoma skin cancer (NMSC)","211","Age-specific","27.4","23.8","31.3",NA
2016,"Persons","00 to 24","Government Office Region","E12000001","North East","All quintiles","All stages","C00-C97 excl. C44","All malignant cancers excluding non-melanoma skin cancer (NMSC)","180","Age-specific","23.5","20.2","27.2",NA
2017,"Persons","00 to 24","Government Office Region","E12000001","North East","All quintiles","All stages","C00-C97 excl. C44","All malignant cancers excluding non-melanoma skin cancer (NMSC)","154","Age-specific","20.2","17.1","23.7",NA
2018,"Persons","00 to 24","Government Office Region","E12000001","North East","All quintiles","All stages","C00-C97 excl. C44","All malignant cancers excluding non-melanoma skin cancer (NMSC)","148","Age-specific","19.5","16.5","22.9",NA
2019,"Persons","00 to 24","Government Office Region","E12000001","North East","All quintiles","All stages","C00-C97 excl. C44","All malignant cancers excluding non-melanoma skin cancer (NMSC)","139","Age-specific","18.4","15.5","21.7",NA
2020,"Persons","00 to 24","Government Office Region","E12000001","North East","All quintiles","All stages","C00-C97 excl. C44","All malignant cancers excluding non-melanoma skin cancer (NMSC)","148","Age-specific","19.7","16.7","23.1",NA
2021,"Persons","00 to 24","Government Office Region","E12000001","North East","All quintiles","All stages","C00-C97 excl. C44","All malignant cancers excluding non-melanoma skin cancer (NMSC)","145","Age-specific","19.4","16.3","22.8",NA
2022,"Persons","00 to 24","Government Office Region","E12000001","North East","All quintiles","All stages","C00-C97 excl. C44","All malignant cancers excluding non-melanoma skin cancer (NMSC)","158","Age-specific","20.8","17.7","24.3",NA
2013,"Persons","00 to 24","Government Office Region","E12000002","North West","All quintiles","All stages","C00-C97 excl. C44","All malignant cancers excluding non-melanoma skin cancer (NMSC)","453","Age-specific","20.8","19","22.9",NA
2014,"Persons","00 to 24","Government Office Region","E12000002","North West","All quintiles","All stages","C00-C97 excl. C44","All malignant cancers excluding non-melanoma skin cancer (NMSC)","466","Age-specific","21.5","19.6","23.5",NA
2015,"Persons","00 to 24","Government Office Region","E12000002","North West","All quintiles","All stages","C00-C97 excl. C44","All malignant cancers excluding non-melanoma skin cancer (NMSC)","470","Age-specific","21.6","19.7","23.7",NA
2016,"Persons","00 to 24","Government Office Region","E12000002","North West","All quintiles","All stages","C00-C97 excl. C44","All malignant cancers excluding non-melanoma skin cancer (NMSC)","470","Age-specific","21.6","19.7","23.6",NA
2017,"Persons","00 to 24","Government Office Region","E12000002","North West","All quintiles","All stages","C00-C97 excl. C44","All malignant cancers excluding non-melanoma skin cancer (NMSC)","437","Age-specific","20.1","18.2","22",NA
2018,"Persons","00 to 24","Government Office Region","E12000002","North West","All quintiles","All stages","C00-C97 excl. C44","All malignant cancers excluding non-melanoma skin cancer (NMSC)","388","Age-specific","17.8","16.1","19.7",NA
2019,"Persons","00 to 24","Government Office Region","E12000002","North West","All quintiles","All stages","C00-C97 excl. C44","All malignant cancers excluding non-melanoma skin cancer (NMSC)","456","Age-specific","20.9","19","22.9",NA
2020,"Persons","00 to 24","Government Office Region","E12000002","North West","All quintiles","All stages","C00-C97 excl. C44","All malignant cancers excluding non-melanoma skin cancer (NMSC)","397","Age-specific","18.2","16.5","20.1",NA
2021,"Persons","00 to 24","Government Office Region","E12000002","North West","All quintiles","All stages","C00-C97 excl. C44","All malignant cancers excluding non-melanoma skin cancer (NMSC)","423","Age-specific","19.3","17.5","21.3",NA
2022,"Persons","00 to 24","Government Office Region","E12000002","North West","All quintiles","All stages","C00-C97 excl. C44","All malignant cancers excluding non-melanoma skin cancer (NMSC)","381","Age-specific","17.1","15.4","18.9",NA
2013,"Persons","00 to 24","Government Office Region","E12000008","South East","All quintiles","All stages","C00-C97 excl. C44","All malignant cancers excluding non-melanoma skin cancer (NMSC)","577","Age-specific","21.8","20.1","23.7",NA
2014,"Persons","00 to 24","Government Office Region","E12000008","South East","All quintiles","All stages","C00-C97 excl. C44","All malignant cancers excluding non-melanoma skin cancer (NMSC)","542","Age-specific","20.4","18.7","22.2",NA
2015,"Persons","00 to 24","Government Office Region","E12000008","South East","All quintiles","All stages","C00-C97 excl. C44","All malignant cancers excluding non-melanoma skin cancer (NMSC)","560","Age-specific","21","19.3","22.8",NA
2016,"Persons","00 to 24","Government Office Region","E12000008","South East","All quintiles","All stages","C00-C97 excl. C44","All malignant cancers excluding non-melanoma skin cancer (NMSC)","519","Age-specific","19.4","17.7","21.1",NA
2017,"Persons","00 to 24","Government Office Region","E12000008","South East","All quintiles","All stages","C00-C97 excl. C44","All malignant cancers excluding non-melanoma skin cancer (NMSC)","561","Age-specific","21","19.3","22.8",NA
2018,"Persons","00 to 24","Government Office Region","E12000008","South East","All quintiles","All stages","C00-C97 excl. C44","All malignant cancers excluding non-melanoma skin cancer (NMSC)","517","Age-specific","19.4","17.7","21.1",NA
2019,"Persons","00 to 24","Government Office Region","E12000008","South East","All quintiles","All stages","C00-C97 excl. C44","All malignant cancers excluding non-melanoma skin cancer (NMSC)","495","Age-specific","18.6","17","20.3",NA
2020,"Persons","00 to 24","Government Office Region","E12000008","South East","All quintiles","All stages","C00-C97 excl. C44","All malignant cancers excluding non-melanoma skin cancer (NMSC)","512","Age-specific","19.3","17.6","21",NA
2021,"Persons","00 to 24","Government Office Region","E12000008","South East","All quintiles","All stages","C00-C97 excl. C44","All malignant cancers excluding non-melanoma skin cancer (NMSC)","502","Age-specific","18.9","17.3","20.6",NA
2022,"Persons","00 to 24","Government Office Region","E12000008","South East","All quintiles","All stages","C00-C97 excl. C44","All malignant cancers excluding non-melanoma skin cancer (NMSC)","543","Age-specific","20.2","18.6","22",NA
2013,"Persons","00 to 24","Government Office Region","E12000009","South West","All quintiles","All stages","C00-C97 excl. C44","All malignant cancers excluding non-melanoma skin cancer (NMSC)","317","Age-specific","20.6","18.4","23",NA
2014,"Persons","00 to 24","Government Office Region","E12000009","South West","All quintiles","All stages","C00-C97 excl. C44","All malignant cancers excluding non-melanoma skin cancer (NMSC)","323","Age-specific","20.9","18.7","23.3",NA
2015,"Persons","00 to 24","Government Office Region","E12000009","South West","All quintiles","All stages","C00-C97 excl. C44","All malignant cancers excluding non-melanoma skin cancer (NMSC)","320","Age-specific","20.6","18.4","23",NA
2016,"Persons","00 to 24","Government Office Region","E12000009","South West","All quintiles","All stages","C00-C97 excl. C44","All malignant cancers excluding non-melanoma skin cancer (NMSC)","309","Age-specific","19.8","17.7","22.2",NA
2017,"Persons","00 to 24","Government Office Region","E12000009","South West","All quintiles","All stages","C00-C97 excl. C44","All malignant cancers excluding non-melanoma skin cancer (NMSC)","306","Age-specific","19.6","17.5","21.9",NA
2018,"Persons","00 to 24","Government Office Region","E12000009","South West","All quintiles","All stages","C00-C97 excl. C44","All malignant cancers excluding non-melanoma skin cancer (NMSC)","308","Age-specific","19.8","17.6","22.1",NA
2019,"Persons","00 to 24","Government Office Region","E12000009","South West","All quintiles","All stages","C00-C97 excl. C44","All malignant cancers excluding non-melanoma skin cancer (NMSC)","313","Age-specific","20.2","18","22.5",NA
2020,"Persons","00 to 24","Government Office Region","E12000009","South West","All quintiles","All stages","C00-C97 excl. C44","All malignant cancers excluding non-melanoma skin cancer (NMSC)","319","Age-specific","20.6","18.4","23",NA
2021,"Persons","00 to 24","Government Office Region","E12000009","South West","All quintiles","All stages","C00-C97 excl. C44","All malignant cancers excluding non-melanoma skin cancer (NMSC)","293","Age-specific","18.9","16.8","21.2",NA
2022,"Persons","00 to 24","Government Office Region","E12000009","South West","All quintiles","All stages","C00-C97 excl. C44","All malignant cancers excluding non-melanoma skin cancer (NMSC)","277","Age-specific","17.7","15.7","19.9",NA
2013,"Persons","00 to 24","Government Office Region","E12000005","West Midlands","All quintiles","All stages","C00-C97 excl. C44","All malignant cancers excluding non-melanoma skin cancer (NMSC)","372","Age-specific","20.9","18.8","23.1",NA
2014,"Persons","00 to 24","Government Office Region","E12000005","West Midlands","All quintiles","All stages","C00-C97 excl. C44","All malignant cancers excluding non-melanoma skin cancer (NMSC)","357","Age-specific","20","18","22.2",NA
2015,"Persons","00 to 24","Government Office Region","E12000005","West Midlands","All quintiles","All stages","C00-C97 excl. C44","All malignant cancers excluding non-melanoma skin cancer (NMSC)","362","Age-specific","20.3","18.2","22.4",NA
2016,"Persons","00 to 24","Government Office Region","E12000005","West Midlands","All quintiles","All stages","C00-C97 excl. C44","All malignant cancers excluding non-melanoma skin cancer (NMSC)","356","Age-specific","19.8","17.8","22",NA
2017,"Persons","00 to 24","Government Office Region","E12000005","West Midlands","All quintiles","All stages","C00-C97 excl. C44","All malignant cancers excluding non-melanoma skin cancer (NMSC)","341","Age-specific","18.9","17","21.1",NA
2018,"Persons","00 to 24","Government Office Region","E12000005","West Midlands","All quintiles","All stages","C00-C97 excl. C44","All malignant cancers excluding non-melanoma skin cancer (NMSC)","363","Age-specific","20.1","18.1","22.3",NA
2019,"Persons","00 to 24","Government Office Region","E12000005","West Midlands","All quintiles","All stages","C00-C97 excl. C44","All malignant cancers excluding non-melanoma skin cancer (NMSC)","361","Age-specific","20","18","22.2",NA
2020,"Persons","00 to 24","Government Office Region","E12000005","West Midlands","All quintiles","All stages","C00-C97 excl. C44","All malignant cancers excluding non-melanoma skin cancer (NMSC)","311","Age-specific","17.3","15.4","19.3",NA
2021,"Persons","00 to 24","Government Office Region","E12000005","West Midlands","All quintiles","All stages","C00-C97 excl. C44","All malignant cancers excluding non-melanoma skin cancer (NMSC)","348","Age-specific","19.4","17.4","21.5",NA
2022,"Persons","00 to 24","Government Office Region","E12000005","West Midlands","All quintiles","All stages","C00-C97 excl. C44","All malignant cancers excluding non-melanoma skin cancer (NMSC)","350","Age-specific","19.3","17.3","21.4",NA
2013,"Persons","00 to 24","Government Office Region","E12000003","Yorkshire and The Humber","All quintiles","All stages","C00-C97 excl. C44","All malignant cancers excluding non-melanoma skin cancer (NMSC)","317","Age-specific","19","17","21.3",NA
2014,"Persons","00 to 24","Government Office Region","E12000003","Yorkshire and The Humber","All quintiles","All stages","C00-C97 excl. C44","All malignant cancers excluding non-melanoma skin cancer (NMSC)","373","Age-specific","22.4","20.2","24.8",NA
2015,"Persons","00 to 24","Government Office Region","E12000003","Yorkshire and The Humber","All quintiles","All stages","C00-C97 excl. C44","All malignant cancers excluding non-melanoma skin cancer (NMSC)","373","Age-specific","22.4","20.2","24.8",NA
2016,"Persons","00 to 24","Government Office Region","E12000003","Yorkshire and The Humber","All quintiles","All stages","C00-C97 excl. C44","All malignant cancers excluding non-melanoma skin cancer (NMSC)","358","Age-specific","21.5","19.4","23.9",NA
2017,"Persons","00 to 24","Government Office Region","E12000003","Yorkshire and The Humber","All quintiles","All stages","C00-C97 excl. C44","All malignant cancers excluding non-melanoma skin cancer (NMSC)","328","Age-specific","19.8","17.7","22.1",NA
2018,"Persons","00 to 24","Government Office Region","E12000003","Yorkshire and The Humber","All quintiles","All stages","C00-C97 excl. C44","All malignant cancers excluding non-melanoma skin cancer (NMSC)","306","Age-specific","18.6","16.5","20.8",NA
2019,"Persons","00 to 24","Government Office Region","E12000003","Yorkshire and The Humber","All quintiles","All stages","C00-C97 excl. C44","All malignant cancers excluding non-melanoma skin cancer (NMSC)","330","Age-specific","20.1","18","22.4",NA
2020,"Persons","00 to 24","Government Office Region","E12000003","Yorkshire and The Humber","All quintiles","All stages","C00-C97 excl. C44","All malignant cancers excluding non-melanoma skin cancer (NMSC)","295","Age-specific","18.1","16.1","20.3",NA
2021,"Persons","00 to 24","Government Office Region","E12000003","Yorkshire and The Humber","All quintiles","All stages","C00-C97 excl. C44","All malignant cancers excluding non-melanoma skin cancer (NMSC)","302","Age-specific","18.6","16.6","20.8",NA
2022,"Persons","00 to 24","Government Office Region","E12000003","Yorkshire and The Humber","All quintiles","All stages","C00-C97 excl. C44","All malignant cancers excluding non-melanoma skin cancer (NMSC)","346","Age-specific","21.1","18.9","23.4",NA
